,,2026年9月27日 (日曜日) 09:48:27,,
,日経1,2026年ノーベル賞の本命は？ 日本筆頭は名城大・森和俊氏、日経分析,時事1,高市首相、トランプ氏と連携確認 「米中」受け電話会談
,日経2,皇居ランで健康も伴侶も 社内恋愛にリスク、新たな出会いの場に,時事2,自民「政治とカネ」再燃警戒 「裏金」初入閣、野党追及へ―高市政権
,日経3,10月日銀利上げへ「外圧」か トランプ氏、中間選挙前の円安防止重視,時事3,自民「政治とカネ」再燃警戒 「裏金」初入閣、野党追及へ―高市政権
,日経4,アナウンサーの夢破れても 「話し方」の学びで乗り越えた挫折,時事4,米中「同盟国」発言に困惑 日本政府、首脳会談の分析急ぐ
,日経5,ソニー半導体、8000人原則出社へ 対面で事業創出促す,時事5,トランプ氏、中国は「同盟国」 習氏「日本軍国主義と戦った」―第２次大
,日経6,（私の履歴書）岡田彰布（26） オリックス監督,時事6,日独は「軍国主義の道歩んでいる」 ロシア外相、国連総会で主張
,日経7,〈直言〉「人間は特別」おごり捨てよ 石黒浩氏,時事7,米中は第２次大戦の「同盟国」 会談文書明記、日米離間懸念も―米発表
,日経8,トランプ氏、習氏は台湾巡り「私の立場を理解」 会談で協議と表明,時事8,一方的軍事行動に反対 米名指しはせず―中国副主席
,日経9,不老長寿の見果てぬ夢 100歳でも健康、ロンジェビティが描く未来,時事9,娘２人を６階から投げ落とす 殺人未遂容疑で２５歳父親逮捕―岐阜県警
,日経10,高市内閣支持、参政支持層で7割に回復 39歳以下無党派は4割下回る,時事10,ｔｉｍｅｌｅｓｚ猪俣さん釈放 傷害容疑で逮捕、女性と示談―警視庁
,yahoo1,九州4県に「線状降水帯」直前予測,yahoo経済1,コメ下落「大盛り」値下げの動き
,yahoo2,米大統領 海峡巡るイラン提案拒否,yahoo経済1,10月値上げラッシュ 家計負担重く
,yahoo3,飲酒事故で子失い2年 判決に怒り,yahoo経済1,外国人の起業 制度厳格化で急減
,yahoo4,プロバスケ選手逮捕 わいせつ疑い,yahoo経済4,トキエア再延期 県からの融資返済
,yahoo5,代替コーヒー 背景に2050年問題,yahoo経済5,「超エルニーニョ」経済的損失は
,yahoo国際1,露外相 日本の常任理入りに反対,yahoo芸能1,Netflix・ダウンタイム 話題の訳
,yahoo国際2,米大統領 海峡巡るイラン提案拒否,yahoo芸能2,FRUITS ZIPPER 迷惑行為に警告
,yahoo国際3,中国 尖閣沖EEZで3-7月集中調査,yahoo芸能3,WEST.のラジオ終了 全員で発表
,yahoo国際4,米中300億ドル規模関税引き下げへ,yahoo芸能4,齋藤飛鳥 アナザースカイの新MC
,yahoo国際5,AIを「SI」と呼称 米中が合意,yahoo芸能5,町田啓太&玄理に第1子 心境つづる
,BBC,イギリスで人気の日本大使、イギリスただ一人の「サムライ」の洗礼地を訪問,yahooスポーツ1,それ正気か？執拗抗議に整列＆挨拶ボイコット「むちゃくちゃして」敗戦
,BBC,死後に木につるされたと警察、アメリカ南部で遺体で発見の黒人女性,yahooスポーツ2,ド軍にアクシデント、右腕トライネンが今季絶望 肩に異常訴え…指揮官
,BBC,気持ち「もう隠せない」 英歌手シーランさん、親パレスチナ発言の前座降板めぐり自分の「間違い」認める ,yahooスポーツ3,【オリックス】「今世紀最大のお笑い」 前進守備からまさかの失点に非
,BBC,サッカーのマンチェスター・シティー、財務規則違反114件で有罪裁定,yahooスポーツ4,村上宗隆は「危険」 ホ軍同僚すら“恐怖心”…敵将も戦慄、クラブハウ
,BBC,ホルムズ海峡の「7日以内の再開」、イランがアメリカに提案,yahooスポーツ5,「栗原の技量は想像以上だった」11歳の天才少年に世界が衝撃 敗れた
,,,,
,,,,
,,,,
,,,,
,,1 2026年ノーベル賞の本命は？ 日本筆頭は名城大・森和俊氏、日経分析 2026/9/27 2:00 ,,6 （私の履歴書）岡田彰布（26） オリックス監督 交流戦優勝で「アレ」誕生 言葉封印、選手の意識しすぎ防ぐ 2026/9/27付 
,,2 皇居ランで健康も伴侶も 社内恋愛にリスク、新たな出会いの場に 2026/9/27 5:00 ,,7 〈直言〉「人間は特別」おごり捨てよ 石黒浩氏 大阪大教授 2026/9/27付 
,,3 10月日銀利上げへ「外圧」か トランプ氏、中間選挙前の円安防止重視 2026/9/27 5:00 ,,8 トランプ氏、習氏は台湾巡り「私の立場を理解」 会談で協議と表明 2026/9/27 0:09 
,,4 アナウンサーの夢破れても 「話し方」の学びで乗り越えた挫折 2026/9/27 5:00 ,,9 不老長寿の見果てぬ夢 100歳でも健康、ロンジェビティが描く未来 2026/9/27 5:00 
,,5 ソニー半導体、8000人原則出社へ 対面で事業創出促す 2026/9/27付 ,,10 高市内閣支持、参政支持層で7割に回復 39歳以下無党派は4割下回る 2026/9/27 2:00 